Name,Gene,Chr,Amplicon.Start,Amplicon.End,Ms.Length,MS.Base,MS.Start,MS.End,SNP,SNP.Pos
AP0035322_SNP1,AP0035322,chr11,127625042,127625166,9,A,127625067,127625075,rs10893736,127625130
BAT25_SNP1,BAT25,chr4,55598171,55598290,25,A,55598212,55598236,rs374679637,55598202
BAT26_SNP1,BAT26,chr2,47641505,47641654,27,A,47641560,47641586,rs561057917,47641560
BRAF_SNP1,BRAF,chr7,140453086,140453225,1,,140453134,140453135,rs113488022,140453136
DEPDC2_SNP1,DEPDC2,chr8,68926644,68926763,8,C,68926683,68926690,rs4610727,68926700
GM01_SNP1,GM01,chr11,28894380,28894499,10,A,28894429,28894438,rs7951012,28894411
GM07_SNP1,GM07,chr7,93085687,93085806,11,A,93085748,93085758,rs2283006,93085722
GM09_SNP1,GM09,chr20,6836909,6837028,8,A,6836977,6836984,rs6038623,6836952
GM11_SNP1,GM11,chr5,166099835,166099974,9,A,166099891,166099899,rs347435,166099902
GM14_SNP1,GM14,chr3,177328755,177328874,11,A,177328818,177328828,rs6804861,177328829
GM17_SNP1,GM17,chr11,95551036,95551155,9,A,95551111,95551119,rs666398,95551136
GM22_SNP1,GM22,chr14,43400934,43401053,10,A,43401010,43401019,rs17113692,43400964
GM26_SNP1,GM26,chr14,49584640,49584784,10,A,49584751,49584760,rs11628435,49584720
GM29_SNP1,GM29,chr3,70905505,70905624,10,A,70905560,70905569,rs2687195,70905581
IM16_SNP1,IM16,chr18,1108679,1108798,9,A,1108767,1108775,rs4392141,1108738
IM49_SNP1,IM49,chr3,56682002,56682121,12,A,56682066,56682077,rs7642389,56682093
KRAS_SNP1,KRAS,chr12,25398258,25398377,1,,25398283,25398284,rs121913530,25398285
LR10_SNP1,LR10,chr1,81591311,81591440,10,A,81591388,81591397,rs1768398,81591398
LR11_SNP1,LR11,chr2,217217813,217217942,11,A,217217871,217217881,rs13011054,217217857
LR17_SNP1,LR17,chr14,55602975,55603094,10,A,55603031,55603040,rs79618905,55603041
LR20_SNP1,LR20,chr1,64029555,64029674,8,A,64029634,64029641,rs217474,64029606
LR24_SNP1,LR24,chr1,153779373,153779492,9,A,153779429,153779437,rs1127091,153779412
LR36_SNP1,LR36,chr4,98999665,98999784,12,A,98999723,98999734,rs17550217,98999699
LR40_SNP1,LR40,chr2,13447452,13447571,9,A,13447470,13447478,rs6432372,13447484
LR44_SNP1,LR44,chr10,99898215,99898334,12,A,99898286,99898297,rs7905384,99898268
LR46_SNP1,LR46,chr20,10659990,10660129,8,A,10660085,10660092,rs6040079,10660063
LR48_SNP1,LR48,chr12,77988055,77988174,11,A,77988097,77988107,rs11105832,77988123
LR49_SNP1,LR49,chr15,93618976,93619095,7,A,93619048,93619054,rs12903384,93619037
LR52_SNP1,LR52,chr16,63861348,63861497,12,A,63861441,63861452,rs2434849,63861437
NR21_SNP1,NR21,chr14,23652236,23652385,21,A,23652347,23652367,rs73600433,23652305
NR24_SNP1,NR24,chr2,95849282,95849431,23,A,95849362,95849384,rxxxxxxx,95849361
